skillName,category
Account Management,Business
Accounting,Business
Bookkeeping,Business
Brand Management,Business
Budgeting,Business
Business Analysis,Business
Content Writing,Business
Copywriting,Business
Customer Service,Business
Digital Marketing,Business
Email Marketing,Business
Event Planning,Business
Financial Analysis,Business
Google Sheets,Business
Human Resources,Business
Market Research,Business
Microsoft PowerPoint,Business
Microsoft Word,Business
Operations Management,Business
Public Relations,Business
Recruiting,Business
Sales,Business
SEO,Business
Social Media Marketing,Business
Supply Chain Management,Business
Video Editing,Business
"Browse, Search And Filter Data, Information And Digital Content",Digital Competency
Collaborate Through Digital Technologies,Digital Competency
Computer Programming,Digital Competency
Creatively Use Digital Technologies,Digital Competency
Develop Digital Content,Digital Competency
Digital Communication And Collaboration,Digital Competency
Digital Content Creation,Digital Competency
Digital Data Processing,Digital Competency
"Evaluate Data, Information And Digital Content",Digital Competency
ICT Safety,Digital Competency
Identify Digital Competence Gaps,Digital Competency
Identify Technological Needs,Digital Competency
Integrate And Re-Elaborate Digital Content,Digital Competency
Intellectual Property Regime Of Digital Content,Digital Competency
Interact Through Digital Technologies,Digital Competency
"Manage Data, Information And Digital Content",Digital Competency
Problem-Solving With Digital Tools,Digital Competency
Protect Health And Well-Being While Using Digital Technologies,Digital Competency
Protect ICT Devices,Digital Competency
Protect Personal Data And Privacy,Digital Competency
Protect The Environment From The Impact Of The Digital Technologies,Digital Competency
Share Through Digital Technologies,Digital Competency
Solve Technical Problems,Digital Competency
Use E-Services,Digital Competency
Bengali,Language
English,Language
French,Language
German,Language
Hindi,Language
Odia,Language
Spanish,Language
Apply For Research Funding,Research
Apply Research Ethics And Scientific Integrity Principles In Research Activities,Research
Communicate With A Non-Scientific Audience,Research
Conduct Research Across Disciplines,Research
Demonstrate Disciplinary Expertise,Research
Develop Professional Network With Researchers And Scientists,Research
Disseminate Results To The Scientific Community,Research
Draft Scientific Or Academic Papers And Technical Documentation,Research
Evaluate Research Activities,Research
Increase The Impact Of Science On Policy And Society,Research
Integrate Gender Dimension In Research,Research
Interact Professionally In Research And Professional Environments,Research
Manage Intellectual Property Rights,Research
Manage Personal Professional Development,Research
Mentor Individuals,Research
Perform Project Management,Research
Perform Scientific Research,Research
Promote Open Innovation In Research,Research
Promote The Participation Of Citizens In Scientific And Research Activities,Research
Promote The Transfer Of Knowledge,Research
Publish Academic Research,Research
Speak Different Languages,Research
Synthesise Information,Research
Synthesise Research Publications,Research
Teach In Academic Or Vocational Contexts,Research
Think Abstractly,Research
Write Scientific Publications,Research
Accept Criticism And Guidance,Soft Skill
Adapt To Change,Soft Skill
Adaptability,Soft Skill
Address An Audience,Soft Skill
Adjust To Physical Demands,Soft Skill
Adopt Ways To Foster Biodiversity And Animal Welfare,Soft Skill
Adopt Ways To Reduce Negative Impact Of Consumption,Soft Skill
Adopt Ways To Reduce Pollution,Soft Skill
Advise Others,Soft Skill
Agile Methodology,Soft Skill
Analytical Skills,Soft Skill
Apply Basic Programming Skills,Soft Skill
Apply Digital Security Measures,Soft Skill
Apply Hygiene Standards,Soft Skill
"Apply Knowledge Of Philosophy, Ethics And Religion",Soft Skill
"Apply Knowledge Of Science, Technology And Engineering",Soft Skill
Apply Knowledge Of Social Sciences And Humanities,Soft Skill
Appreciate Diverse Cultural And Artistic Expression,Soft Skill
Approach Challenges Positively,Soft Skill
Assume Responsibility,Soft Skill
Attend To Detail,Soft Skill
Attention To Detail,Soft Skill
Build Networks,Soft Skill
Build Team Spirit,Soft Skill
Calculate Probabilities,Soft Skill
Carry Out Calculations,Soft Skill
Collaboration,Soft Skill
Communication Skills,Soft Skill
Comply With Regulations,Soft Skill
Conduct Web Searches,Soft Skill
Conflict Resolution,Soft Skill
Cope With Stress,Soft Skill
Cope With Uncertainty,Soft Skill
Create Digital Content,Soft Skill
Creativity,Soft Skill
Critical Thinking,Soft Skill
Critically Evaluate Information And Its Sources,Soft Skill
Decision Making,Soft Skill
Delegate Responsibilities,Soft Skill
Demonstrate Awareness Of Health Risks,Soft Skill
Demonstrate Curiosity,Soft Skill
Demonstrate Intercultural Competence,Soft Skill
Demonstrate Loyalty,Soft Skill
Demonstrate Trustworthiness,Soft Skill
Demonstrate Willingness To Learn,Soft Skill
Emotional Intelligence,Soft Skill
Engage Others In Environment Friendly Behaviours,Soft Skill
Evaluate Environmental Impact Of Personal Behaviour,Soft Skill
Exercise Rights And Responsibilities,Soft Skill
Exercise Self-Reflection,Soft Skill
Express Yourself Creatively,Soft Skill
Identify Problems,Soft Skill
Improvise,Soft Skill
Instruct Others,Soft Skill
Interpersonal Skills,Soft Skill
Interpret Mathematical Information,Soft Skill
Kanban,Soft Skill
Keep An Open Mind,Soft Skill
Lead Others,Soft Skill
Leadership,Soft Skill
Maintain Concentration For Long Periods,Soft Skill
Maintain Physical Fitness,Soft Skill
Maintain Psychological Well-Being,Soft Skill
Make An Informed Use Of The Health-Care System,Soft Skill
Make Decisions,Soft Skill
Manage Chronic Health Conditions,Soft Skill
Manage Digital Identity,Soft Skill
Manage Financial And Material Resources,Soft Skill
Manage Frustration,Soft Skill
Manage Personal Progression,Soft Skill
Manage Quality,Soft Skill
Manage Time,Soft Skill
Meet Commitments,Soft Skill
Memorise Information,Soft Skill
Mentoring,Soft Skill
Moderate A Discussion,Soft Skill
Motivate Others,Soft Skill
Move Objects,Soft Skill
Negotiate Compromises,Soft Skill
Negotiation,Soft Skill
Networking,Soft Skill
Operate Digital Hardware,Soft Skill
"Organise Information, Objects And Resources",Soft Skill
Participate Actively In Civic Life,Soft Skill
Plan,Soft Skill
Presentation Skills,Soft Skill
Problem Solving,Soft Skill
Process Spatial Information,Soft Skill
Project Management,Soft Skill
"Promote Ideas, Products, Services",Soft Skill
Promote The Principles Of Democracy And Rule Of Law,Soft Skill
Protect The Health Of Others,Soft Skill
Public Speaking,Soft Skill
React To Physical Changes Or Hazards,Soft Skill
Report Facts,Soft Skill
Resolve Conflicts,Soft Skill
Respect Confidentiality Obligations,Soft Skill
Respect The Diversity Of Cultural Values And Norms,Soft Skill
Scrum,Soft Skill
Show Commitment,Soft Skill
Show Confidence,Soft Skill
Show Determination,Soft Skill
Show Empathy,Soft Skill
Show Entrepreneurial Spirit,Soft Skill
Show Initiative,Soft Skill
Solve Problems,Soft Skill
Stakeholder Management,Soft Skill
Team Management,Soft Skill
Teamwork,Soft Skill
Think Analytically,Soft Skill
Think Creatively,Soft Skill
Think Critically,Soft Skill
Think Holistically,Soft Skill
Think Innovatively,Soft Skill
Think Quickly,Soft Skill
Time Management,Soft Skill
Use Communication And Collaboration Software,Soft Skill
"Use Equipment, Tools Or Technology With Precision",Soft Skill
Work Efficiently,Soft Skill
Work Ethic,Soft Skill
Work In Teams,Soft Skill
Work Independently,Soft Skill
3D Body Scanning Technologies,Technical
3D Lighting,Technical
3D Modelling,Technical
3D Printing Process,Technical
3D Texturing,Technical
ABAP,Technical
ABBYY FineReader,Technical
Absorb (Learning Management Systems),Technical
Acquire System Component,Technical
Adapt To New Technology Used In Cars,Technical
Add Computer Components,Technical
Adjust Hearing Aids,Technical
Adjust ICT System Capacity,Technical
Adjust Video Transmissions,Technical
Administer ICT System,Technical
Adobe Creative Suite,Technical
Adobe Illustrator,Technical
Adobe Photoshop,Technical
Adobe Photoshop Lightroom,Technical
Adobe XD,Technical
Advanced Driver Assistant Systems,Technical
Advise Customers On Type Of Computer Equipment,Technical
Advise On Online Dating,Technical
Agile Development,Technical
Agile Project Management,Technical
Aircrack (Penetration Testing Tool),Technical
Aircraft Flight Control Systems,Technical
Airspace System Block Upgrades,Technical
AJAX,Technical
Ajax Framework,Technical
Alarm Systems,Technical
Algorithms,Technical
Align Antennae With Receiving Dishes,Technical
Align Software With System Architectures,Technical
Analyse Big Data,Technical
Analyse Blockchain Use Cases,Technical
Analyse Blood Samples,Technical
Analyse Clothing 3d Prototypes,Technical
Analyse Decentralised Applications,Technical
Analyse Ecological Data,Technical
Analyse Gambling Data,Technical
Analyse ICT System,Technical
Analyse Information Systems,Technical
Analyse Milk Control Test Results,Technical
Analyse Network Bandwidth Requirements,Technical
Analyse Network Configuration And Performance,Technical
Analyse Pipeline Database Information,Technical
Analyse Scanned Data Of The Body,Technical
Analyse Software Specifications,Technical
Analyse Stress Resistance Of Materials,Technical
Analyse Stress Resistance Of Products,Technical
Android (Mobile Operating Systems),Technical
Android Development,Technical
Angular,Technical
Animate 3D Organic Forms,Technical
Ansible,Technical
Apache Maven,Technical
Apache Tomcat,Technical
APL,Technical
Application Usability,Technical
Apply 3D Imaging Techniques,Technical
Apply Blended Learning,Technical
Apply Colour Grading,Technical
Apply Control Process Statistical Methods,Technical
Apply Desktop Publishing Techniques,Technical
Apply Digital Mapping,Technical
Apply ICT System Usage Policies,Technical
Apply ICT Systems Theory,Technical
Apply ICT Terminology,Technical
Apply Operations For An ITIL-Based Environment,Technical
Apply Precision Farming,Technical
Apply Reverse Engineering,Technical
Apply Social Media Marketing,Technical
Apply Statistical Analysis Techniques,Technical
Apply System Organisational Policies,Technical
Apply Through-Hole Technology Manually,Technical
Apply Tools For Content Development,Technical
Aquaculture Production Planning Software,Technical
Artificial Neural Networks,Technical
ASP.NET,Technical
Assemble Hardware Components,Technical
Assemble Robots,Technical
Assemble Telecommunications Devices,Technical
Assemble Video Tape Footage,Technical
Assembly (Computer Programming),Technical
Assess ICT Knowledge,Technical
Assess Integrated Domotics Systems,Technical
Assess Users' Interaction With ICT Applications,Technical
Assessment Of Risks And Threats,Technical
Assist Multimedia Operator,Technical
Assistive Instruments,Technical
Assistive Technology In Education,Technical
ATM Systems,Technical
Attack Vectors,Technical
Attend To ICT Systems Quality,Technical
Audio Editing Software,Technical
Audio Mastering,Technical
Audio Technology,Technical
Audiovisual Equipment,Technical
Audit Techniques,Technical
Augmented Reality,Technical
Authoring Software,Technical
AutoCAD,Technical
Automate Cloud Tasks,Technical
Automated Optical Inspection,Technical
Automatic Control System,Technical
Automatic Meter Reading,Technical
Automation Technology,Technical
Automotive Engineering,Technical
AWS,Technical
Backbox (Penetration Testing Tool),Technical
Balance Database Resources,Technical
BlackArch,Technical
BlackBerry,Technical
Blockchain,Technical
Blockchain Application Areas,Technical
Blockchain Applications,Technical
Blockchain Applications Security Principles,Technical
Blockchain Architecture,Technical
Blockchain Components,Technical
Blockchain Concept Application,Technical
Blockchain Consensus Mechanisms,Technical
Blockchain Design Patterns,Technical
Blockchain History,Technical
Blockchain Mining Principles,Technical
Blockchain Platforms,Technical
Blockchain Signature Schemes,Technical
Blockchain Terminology,Technical
Blockchain-Based Business Models,Technical
Blockchain-Based Services Regulation,Technical
Brightspace (Learning Management Systems),Technical
Broadcast Equipment,Technical
Broadcast Using Internet Protocol,Technical
Build Recommender Systems,Technical
Building Automation,Technical
Building Information Modelling,Technical
Building Systems Monitoring Technology,Technical
Building'S Electronic Access Equipment,Technical
Business Analytics,Technical
Business ICT Systems,Technical
Business Intelligence,Technical
C,Technical
C#,Technical
C++,Technical
CA Datacom/DB,Technical
CAD For Footwear,Technical
CAD For Garment Manufacturing,Technical
CAD Software,Technical
CADD Software,Technical
CAE Software,Technical
Cain And Abel (Penetration Testing Tool),Technical
Calculate Costs Of Repair Operations,Technical
Call-Centre Technologies,Technical
CAM Software,Technical
Canvas (Learning Management Systems),Technical
Captioning Software,Technical
Capture One,Technical
Carry Out Bibliographic Work,Technical
Carry Out Forum Moderation,Technical
Carry Out Research On Ground Systems,Technical
Chef (Tools For Software Configuration Management),Technical
CI/CD,Technical
Cisco,Technical
Cloud Monitoring And Reporting,Technical
Cloud Security And Compliance,Technical
Cloud Technologies,Technical
COBOL,Technical
Codenvy,Technical
CoffeeScript,Technical
Cognitive Computing,Technical
Collect Customer Data,Technical
Collect Cyber Defence Data,Technical
Collect Data Using GPS,Technical
Collect ICT Data,Technical
Collect Mapping Data,Technical
Collect Real-Time Geolocation Information,Technical
Collect Weather-Related Data,Technical
Collection Management Software,Technical
Colour Grade Images With Digital Intermediate,Technical
Common Lisp,Technical
Communicate Using The Global Maritime Distress And Safety System,Technical
Compare Survey Computations,Technical
Compile Data For Navigation Publications,Technical
Compile GIS-Data,Technical
Computational Biology,Technical
Computational Chemistry,Technical
Computational Fluid Dynamics,Technical
Computational Linguistics,Technical
Computational Mechanics,Technical
Computer Assisted Language Learning,Technical
Computer Engineering,Technical
Computer Equipment,Technical
Computer Forensics,Technical
Computer Graphics,Technical
Computer History,Technical
Computer Science,Technical
Computer Simulation,Technical
Computer Technology,Technical
Computer Vision,Technical
Computerised Feeding Systems,Technical
Concepts Of Telecommunications,Technical
Conduct Analysis Of Ship Data,Technical
Conduct Clinical Software Research,Technical
Conduct ICT Code Review,Technical
Conduct Impact Evaluation Of ICT Processes On Business,Technical
Conduct Mobile Marketing,Technical
Conduct Radiotherapy Computer Planning,Technical
Conduct Search Engine Optimisation,Technical
Conduct Threat Intelligence,Technical
Conduct Video Telemetry,Technical
Configuration Of The Tote Room Hardware,Technical
Configure ICT System,Technical
Configure Media Integration Systems,Technical
Conserve New Media,Technical
Consumer Electronics,Technical
Content Development Processes,Technical
Contribute To Development Of Biometric Systems,Technical
Control Engineering,Technical
Control Objectives For Information And Related Technology,Technical
Control Panel Components,Technical
Control Production Flow Remotely,Technical
Control Systems,Technical
Convert Different Audiovisual Formats,Technical
Convert Into Animated Object,Technical
Convert Scribbles Into Virtual Sketches,Technical
Coordinate Audio System Programmes,Technical
Coordinate The Allocation Of Mode S Radars To Interrogator Codes,Technical
Core Banking Software,Technical
Create 2D Painting,Technical
Create 3D CAD Footwear Prototypes,Technical
Create 3D Characters,Technical
Create 3D Environments,Technical
Create 3D Texture Map,Technical
Create A Crowdfunding Campaign,Technical
Create A Product'S Virtual Model,Technical
Create Advocacy Material,Technical
Create Animated Narratives,Technical
Create CAD Drawings,Technical
Create Cadastral Maps,Technical
Create Concept Of Digital Game,Technical
Create Data Models,Technical
Create Data Sets,Technical
Create Database Diagrams,Technical
Create Digital Files,Technical
Create Digital Game Characters,Technical
Create Digital Images,Technical
Create Freight Rate Databases,Technical
Create Game Testing Software,Technical
Create GIS Reports,Technical
Create Infrared Imagery,Technical
Create Moving Images,Technical
Create Online News Content,Technical
Create Prototype Of User Experience Solutions,Technical
Create Risk Maps,Technical
Create SCORM Packages,Technical
Create Software Design,Technical
Create Thematic Maps,Technical
Create Weather Maps,Technical
Create Website Wireframe,Technical
Crowdfunding,Technical
CryEngine,Technical
Cryptocurrency,Technical
CSS,Technical
Customise Software For Drive System,Technical
Cut Raw Footage Digitally,Technical
Cutting Technologies,Technical
Cyber Attack Counter-Measures,Technical
Cyber Security,Technical
Cybernetics,Technical
Cybersecurity,Technical
Dart,Technical
Data Analysis,Technical
Data Analytics,Technical
Data Engineering,Technical
"Data Extraction, Transformation And Loading Tools",Technical
Data Mining,Technical
Data Mining Methods,Technical
Data Models,Technical
Data Protection,Technical
Data Quality Assessment,Technical
Data Science,Technical
Data Security Principles,Technical
Data Storage,Technical
Data Visualisation Software,Technical
Data Visualization,Technical
Data Warehouse,Technical
Database,Technical
Database Development Tools,Technical
Database Management Systems,Technical
Database Quality Standards,Technical
DB2,Technical
Debug Software,Technical
Decentralised Identifiers,Technical
Decentralized Application Frameworks,Technical
Decision Support Systems,Technical
Deep Learning,Technical
Define Celestial Bodies,Technical
Define Database Physical Structure,Technical
Define Firewall Rules,Technical
Define ICT Network Design Policies,Technical
Define Integration Strategy,Technical
Define Roadmap For Blockchain In Applications,Technical
Define Software Architecture,Technical
Deliver Online Training,Technical
Deliver Visual Presentation Of Data,Technical
Demonstrate Functionality Of Software Products,Technical
Deploy Cloud Resource,Technical
Deploy ICT Systems,Technical
Design A Domotic System In Buildings,Technical
Design A Media Integration System,Technical
Design Application Interfaces,Technical
Design Automation Components,Technical
Design Brand'S Online Communication Plan,Technical
Design Chassis,Technical
Design Circuit Boards,Technical
Design Circuits Using CAD,Technical
Design Cloud Architecture,Technical
Design Cloud Networks,Technical
Design Component Interfaces,Technical
Design Computer Network,Technical
Design Control Systems,Technical
Design Database Backup Specifications,Technical
Design Database In The Cloud,Technical
Design Database Scheme,Technical
Design Dolls,Technical
Design Electrical Systems,Technical
Design Electromechanical Systems,Technical
Design Electronic Systems,Technical
Design Failover Solutions,Technical
Design Firmware,Technical
Design For Organisational Complexity,Technical
Design Hardware,Technical
Design ICT Hardware Placement,Technical
Design Information System,Technical
Design Infrastructure For Surface Mines,Technical
Design Interaction Model,Technical
Design Microelectromechanical Systems,Technical
Design Optical Prototypes,Technical
Design Pharmaceutical Manufacturing Systems,Technical
Design Power Electronics,Technical
Design Process,Technical
Design Process For Blockchain-Based Systems,Technical
Design Sensors,Technical
"Design The Digital Interface Of Gambling, Betting And Lottery Games",Technical
Design User Interface,Technical
Design Ventilation Network,Technical
Design Web-Based Courses,Technical
Desktop Publishing,Technical
Develop Animations,Technical
Develop Automated Migration Methods,Technical
Develop Automated Software Tests,Technical
Develop Blockchain Innovative Architectures,Technical
Develop Blockchain Technology,Technical
Develop Code Exploits,Technical
Develop Computer Vision System,Technical
Develop Data Link Services For Navigation Purposes,Technical
Develop Data Processing Applications,Technical
Develop Design Plans,Technical
Develop Digital Educational Materials,Technical
Develop E-Learning Plan,Technical
Develop Food Scanner Devices,Technical
Develop Geological Databases,Technical
Develop ICT Device Driver,Technical
Develop ICT Safety Information,Technical
Develop ICT Test Suite,Technical
Develop ICT Workflow,Technical
Develop Inclusive Communication Material,Technical
Develop Online Community Plan,Technical
Develop Online Sales Business Plan,Technical
Develop Reporting Software,Technical
Develop Shipping Itineraries,Technical
Develop Software Prototype,Technical
Develop Statistical Software,Technical
Develop Translation Memory Software,Technical
Develop Virtual Game Engine,Technical
Develop With Cloud Services,Technical
DevOps,Technical
Digital Arts,Technical
Digital Camera Sensors,Technical
Digital Compositing,Technical
Digital Curation,Technical
Digital Game Creation Systems,Technical
Digital Game Genres,Technical
Digital Identity Management,Technical
Digital Image Processing,Technical
Digital Journalism,Technical
Digital Marketing Techniques,Technical
Digital Media,Technical
Digital Printing,Technical
Digital Systems,Technical
Digital Twin Technology,Technical
Digitise Documents,Technical
Digitization,Technical
Disassemble Mobile Devices,Technical
Distribute Control Signals,Technical
Distributed Computing,Technical
Distributed Directory Information Services,Technical
Distributed Ledger Technologies Consensus Protocols,Technical
Distributed Ledger Technologies Vulnerabilities,Technical
Distributed Ledger Technology,Technical
Django,Technical
Do Cloud Refactoring,Technical
Docker,Technical
Domain Name Service,Technical
Domotic Systems,Technical
Draft Corporate Emails,Technical
Draw Sketches To Develop Textile Articles Using Softwares,Technical
Draw Up Stage Layouts Digitally,Technical
Drupal,Technical
E-Agriculture,Technical
E-Commerce Systems,Technical
E-Learning,Technical
E-Learning Software Infrastructure,Technical
E-Procurement,Technical
E-Tailoring,Technical
Eclipse (Integrated Development Environment Software),Technical
Edit Digital Moving Images,Technical
Edit Negatives,Technical
Edit Photographs,Technical
Edit Recorded Sound,Technical
Edmodo,Technical
Electronic And Telecommunication Equipment,Technical
Electronic Business,Technical
Electronic Communication,Technical
Electronic Locks,Technical
Electronics,Technical
Embedded Systems,Technical
Emergent Technologies,Technical
Employ Habitat Survey Techniques,Technical
Energy Saving Potential Of Automated Shift Systems,Technical
Engrade,Technical
Enhance Website Visibility,Technical
Ensure Adherence To Organisational ICT Standards,Technical
Erlang,Technical
Establish An ICT Customer Support Process,Technical
Establish An ICT Security Prevention Plan,Technical
Establish An Information Security Management System,Technical
Establish Data Processes,Technical
Estimate Costs Of Installing Telecommunication Devices,Technical
Ethical Hacking,Technical
Ethical Hacking Principles,Technical
Ethics Of Sharing Work Through Social Media,Technical
Evaluate Blockchain Architectures,Technical
Evaluate Cost Of Software Products,Technical
Evaluate Information Services Using Metrics,Technical
Evaluate Musical Ideas,Technical
Evaluate Translation Technologies,Technical
Excel,Technical
Execute Conversion Testing,Technical
Execute ICT Audits,Technical
Execute ICT User Research Activities,Technical
Execute Integration Testing,Technical
Execute Social Engineering Tests,Technical
Execute Software Tests,Technical
Explain Blockchain Implications,Technical
Explain Characteristics Of Computer Peripheral Equipment,Technical
Explain Distributed Ledger Technologies Principles,Technical
Express.js,Technical
Fibre Optics,Technical
Field-Programmable Gate Arrays,Technical
Figma,Technical
File Documents,Technical
File-Based Workflow,Technical
Filemaker (Database Management Systems),Technical
Firebase,Technical
Firmware,Technical
Flask,Technical
Flutter,Technical
Follow Up Online User Requests,Technical
Food Waste Monitoring Systems,Technical
Forecast Future ICT Network Needs,Technical
Frostbite (Digital Game Creation Systems),Technical
Gamemaker Studio,Technical
GameSalad,Technical
Gather Data,Technical
GDPR,Technical
Geographic Information Systems,Technical
GIMP (Graphics Editor Software),Technical
Git,Technical
GitHub,Technical
Global Navigation Satellite System Performance Parameters,Technical
Go,Technical
Google Cloud Platform,Technical
Graphic Design,Technical
Graphics Editor Software,Technical
GraphQL,Technical
Green Computing,Technical
Groovy,Technical
Grovo,Technical
Guide Learners In Using Assistive Technologies,Technical
Hadoop,Technical
Handle Cybersecurity Incidents,Technical
Handle Geospatial Technologies,Technical
Hardware Architectures,Technical
Hardware Components,Technical
Hardware Industry,Technical
Hardware Materials,Technical
Hardware Platforms,Technical
Hardware Testing Methods,Technical
Haskell,Technical
Have Computer Literacy,Technical
Havok Vision,Technical
Health Informatics,Technical
Health Technology Assessment,Technical
Healthcare Data Systems,Technical
HeroEngine,Technical
HTML,Technical
Human-Computer Interaction,Technical
Human-Robot Collaboration,Technical
Hybrid Control Systems,Technical
Hybrid Model,Technical
IBM Informix,Technical
IBM InfoSphere DataStage,Technical
IBM InfoSphere Information Server,Technical
IBM WebSphere,Technical
ICT Accessibility Standards,Technical
ICT Architectural Frameworks,Technical
ICT Capacity Planning Strategies,Technical
ICT Communications Protocols,Technical
ICT Debugging Tools,Technical
ICT Encryption,Technical
ICT Environmental Policies,Technical
ICT Hardware Specifications,Technical
ICT Help Platforms,Technical
ICT Infrastructure,Technical
ICT Market,Technical
ICT Network Cable Limitations,Technical
ICT Network Routing,Technical
ICT Network Security Risks,Technical
ICT Network Simulation,Technical
ICT Networking Hardware,Technical
ICT Performance Analysis Methods,Technical
ICT Power Consumption,Technical
ICT Problem Management Techniques,Technical
ICT Process Quality Models,Technical
ICT Project Management,Technical
ICT Project Management Methodologies,Technical
ICT Quality Policy,Technical
ICT Recovery Techniques,Technical
ICT Sales Methodologies,Technical
ICT Security Legislation,Technical
ICT Security Standards,Technical
ICT Software Specifications,Technical
ICT System Integration,Technical
ICT System Programming,Technical
ICT System User Requirements,Technical
Id Tech,Technical
Identify Blockchain Innovation Opportunities,Technical
Identify GIS Issues,Technical
Identify ICT Security Risks,Technical
Identify ICT System Weaknesses,Technical
Identify ICT User Needs,Technical
Identify Market Requirements For ICT Documentation,Technical
Identify Software For Warehouse Management,Technical
Image Recognition,Technical
Implement A Firewall,Technical
Implement A Virtual Private Network,Technical
Implement Anti-Virus Software,Technical
Implement Cloud Security And Compliance,Technical
Implement Cryptographic Constructs,Technical
Implement Data Quality Processes,Technical
Implement Data Warehousing Techniques,Technical
Implement Front-End Website Design,Technical
Implement ICT Coding Conventions,Technical
Implement ICT Network Diagnostic Tools,Technical
Implement ICT Recovery System,Technical
Implement ICT Risk Management,Technical
Implement ICT Security Policies,Technical
Implement Route Planning In Smart Mobility Services,Technical
Implement Smart Contracts,Technical
Implement Spam Protection,Technical
Improve Customer Traveling Experiences With Augmented Reality,Technical
Improve User-Friendliness,Technical
Incremental Development,Technical
Industrial Software,Technical
Informatica PowerCenter,Technical
Information Architecture,Technical
Information Categorisation,Technical
Information Confidentiality,Technical
Information Extraction,Technical
Information Security Strategy,Technical
Information Structure,Technical
Innovate In ICT,Technical
Inspect Data,Technical
Install Automation Components,Technical
Install Blinds Drive Systems,Technical
Install Electronic Communication Devices On Trains,Technical
Install Electronic Communication Equipment,Technical
Install Image Equipment,Technical
Install Mechatronic Equipment,Technical
Install Monitors For Process Control,Technical
Install Operating System,Technical
Install Signal Repeaters,Technical
Install Software,Technical
Instruct Library Users In Digital Literacy,Technical
Instrumentation Engineering,Technical
Integrate Content Into Output Media,Technical
Integrate ICT Data,Technical
Integrate System Components,Technical
Integrated Circuit Types,Technical
Integrated Development Environment Software,Technical
Inter-Organisational Middleware System,Technical
Interactive Media,Technical
Interfacing Techniques,Technical
Internal Risk Management Policy,Technical
Internet Governance,Technical
Internet Of Things,Technical
Interpret Automatic Call Distribution Data,Technical
Interpret Graphical Communication Interfaces,Technical
Interpret Graphical Recordings Of Rail-Flaw-Detection Machine,Technical
IOS,Technical
IOS Development,Technical
Iterative Development,Technical
Java,Technical
Java (Computer Programming),Technical
JavaScript,Technical
JavaScript Framework,Technical
Jenkins (Tools For Software Configuration Management),Technical
Jira,Technical
John The Ripper (Penetration Testing Tool),Technical
Joomla,Technical
JSSS,Technical
Kali Linux,Technical
KDevelop,Technical
Keep Up With Digital Transformation Of Industrial Processes,Technical
Keep Up With The Latest Information Systems Solutions,Technical
Keep Up-To-Date To Computer Trends,Technical
Keywords In Digital Content,Technical
Knowledge Base,Technical
Kotlin,Technical
Kubernetes,Technical
LAMS,Technical
Lay Out Digital Written Content,Technical
LDAP,Technical
Lead Disaster Recovery Exercises,Technical
Lean Project Management,Technical
Learning Management Systems,Technical
Learning Technologies,Technical
LESS,Technical
Levels Of Software Testing,Technical
LINQ,Technical
Linux,Technical
Lisp,Technical
Litmos,Technical
Locate Fossils,Technical
Locate Microchip In Animals,Technical
Log Emergency Call Information Electronically,Technical
Log Transmitter Readings,Technical
Machine Learning,Technical
Machine Translation,Technical
Maintain A Central Project Repository,Technical
Maintain Audiovisual Equipment,Technical
Maintain Automated Lighting Equipment,Technical
Maintain Broadcast Equipment,Technical
Maintain Computer Hardware,Technical
Maintain Computerised Records Of Railway Traffic,Technical
Maintain Control Systems For Automated Equipment,Technical
Maintain Data Entry Requirements,Technical
Maintain Database Performance,Technical
Maintain Database Security,Technical
Maintain Freelance Database,Technical
Maintain ICT Identity Management,Technical
Maintain ICT Server,Technical
Maintain ICT System,Technical
Maintain Information Network Hardware,Technical
Maintain Internet Protocol Configuration,Technical
Maintain Irrigation Controllers,Technical
Maintain Media Integration Equipment,Technical
Maintain Pricing Database,Technical
Maintain Projection Equipment,Technical
Maintain Radio Communications Equipment,Technical
Maintain Responsive Design,Technical
Maintain Robotic Equipment,Technical
Maintain Sensor Equipment,Technical
Maintain Stock Control Systems,Technical
Maintain System Logs,Technical
Maintain Up-To-Date Aeronautical Information Management Services,Technical
Maintain Warehouse Database,Technical
Maltego,Technical
Manage Aeronautical Information Management Services,Technical
Manage Alarm System,Technical
Manage Archive Users Guidelines,Technical
Manage Changes In ICT System,Technical
Manage Closed-Circuit Television System,Technical
Manage Cloud Data And Storage,Technical
Manage Computer-Based Transport Operation Control Systems,Technical
Manage Content Development Projects,Technical
Manage Content Metadata,Technical
Manage Data,Technical
Manage Data Collection Systems,Technical
Manage Database,Technical
Manage Digital Archives,Technical
Manage Digital Documents,Technical
Manage Digital Libraries,Technical
Manage Disaster Recovery Plans,Technical
Manage Dispatch Software Systems,Technical
Manage Donor Database,Technical
Manage Email Hosting Service,Technical
Manage Environmental Management System,Technical
Manage Findable Accessible Interoperable And Reusable Data,Technical
Manage Flight Data Communications Programme,Technical
Manage ICT Change Request Process,Technical
Manage ICT Data Architecture,Technical
Manage ICT Data Classification,Technical
Manage ICT Legacy Implication,Technical
Manage ICT Semantic Integration,Technical
Manage ICT Virtualisation Environments,Technical
Manage Information Access Aids,Technical
Manage IT Security Compliances,Technical
Manage Keys For Data Protection,Technical
Manage Library Users Queries,Technical
Manage Membership Database,Technical
Manage Meteorological Database,Technical
Manage Multi Frequency Wireless Signal Distribution,Technical
Manage Office Facility Systems,Technical
Manage Online Communications,Technical
Manage Online Content,Technical
Manage Online Gambling,Technical
Manage Online Volunteers,Technical
Manage Open Publications,Technical
Manage Production Systems,Technical
Manage Quantitative Data,Technical
Manage Radiology Information System,Technical
Manage Research Data,Technical
Manage Software Localisation,Technical
Manage Software Releases,Technical
Manage Standard Enterprise Resource Planning System,Technical
Manage Standards For Data Exchange,Technical
Manage System Security,Technical
Manage System Testing,Technical
Manage Technical Security Systems,Technical
Manage Temporary ICT Networks For Live Performance,Technical
Manage Website,Technical
Manufacturer'S Instructions For Audiovisual Equipment,Technical
Maritime Telecommunications,Technical
Marketing Analytics,Technical
MarkLogic,Technical
MATLAB,Technical
MDX,Technical
Measure Software Usability,Technical
Medical Imaging Technology,Technical
Medical Informatics,Technical
Metasploit,Technical
Micro Mobility Devices,Technical
Microchip Scanners,Technical
Microelectromechanical Systems,Technical
Microprocessors,Technical
Microsoft Access,Technical
Microsoft Azure,Technical
Microsoft Visio,Technical
Microsoft Visual C++,Technical
Microsystem Test Procedures,Technical
Migrate Existing Data,Technical
Mix Ink,Technical
Mix Live Images,Technical
ML (Computer Programming),Technical
Mobile Device Management,Technical
Mobile Device Software Frameworks,Technical
Mobile Marketing,Technical
Mobile Operating Systems,Technical
Mobility As A Service,Technical
Model Based System Engineering,Technical
Model Electromagnetic Products,Technical
Model Hardware,Technical
Model Medical Devices,Technical
Model Microelectronics,Technical
Model Optical Systems,Technical
Model Power Electronics,Technical
Model Sensor,Technical
Modern Power Signalling Systems,Technical
Modify Textile Designs,Technical
MongoDB,Technical
Monitor Automated Machines,Technical
Monitor Communication Channels' Performance,Technical
Monitor ICT Research,Technical
Monitor Online Competitors,Technical
Monitor Quality Of Broadcasts,Technical
Monitor Satellites,Technical
Monitor System Performance,Technical
Monte Carlo Simulation,Technical
Moodle,Technical
Motion Capture,Technical
Motion Graphics,Technical
Multimedia Systems,Technical
Museum Databases,Technical
Music And Video Industry,Technical
MySQL,Technical
N1QL,Technical
Natural Language Processing,Technical
Nessus,Technical
Network Engineering,Technical
Network Management System Tools,Technical
Network Security,Technical
Network Standards,Technical
Nexpose,Technical
Next.js,Technical
Node js,Technical
Normalise Data,Technical
NoSQL,Technical
NumPy,Technical
Object-Oriented Modelling,Technical
Objective-C,Technical
ObjectStore,Technical
Observe Celestial Objects,Technical
Octopus Deploy,Technical
Office Software,Technical
OmniPage,Technical
Online Ads Campaign Techniques,Technical
Online Analytical Processing,Technical
Online Gambling,Technical
Online Job Platforms,Technical
Online Moderation Techniques,Technical
Open Source Model,Technical
OpenEdge Advanced Business Language,Technical
OpenEdge Database,Technical
Operate 2D CAD For Footwear,Technical
Operate 3D Computer Graphics Software,Technical
Operate An Audio Mixing Console,Technical
Operate An Emergency Communication System,Technical
Operate Audio Equipment,Technical
Operate Audio-Signal Processors,Technical
Operate Automated Optical Inspection Machine,Technical
Operate Automated Process Control,Technical
Operate Automated Stage Movement Control System,Technical
Operate Automatic Cutting Systems For Footwear And Leather Goods,Technical
Operate Bale Presses,Technical
Operate Broadcast Equipment,Technical
Operate Collating Machine,Technical
Operate Computerised Control Systems,Technical
Operate Control Panels,Technical
Operate Control Systems,Technical
Operate Dealership Management System,Technical
Operate Digital Printers,Technical
Operate Echo Sounding Equipment,Technical
Operate Electronic Measuring Instruments,Technical
Operate Electronic Payment Terminals,Technical
Operate GPS Systems,Technical
Operate Imagesetter,Technical
Operate Life-Saving Appliances,Technical
Operate Machine Tools,Technical
Operate Mailing Information Systems,Technical
Operate Maritime Communication Equipment,Technical
Operate Media Integration Systems,Technical
Operate Medical Imaging Equipment,Technical
Operate On-Board Computer Systems,Technical
Operate Open Source Software,Technical
Operate Port Communications Systems,Technical
Operate Private Branch Exchange,Technical
Operate Radar Equipment,Technical
Operate Radio Equipment,Technical
Operate Railway Control Panels,Technical
Operate Relational Database Management System,Technical
Operate Remote Broadcast Equipment,Technical
Operate Scanner,Technical
Operate Seismic Equipment,Technical
Operate Signal Generator,Technical
Operate Sound Live,Technical
Operate Stowage Programmes,Technical
Operate Tote Board,Technical
Operate Train Integrated Electronic Control Centre,Technical
Operate Two-Way Radio Systems,Technical
Operate Video Equipment,Technical
Operate Voice Picking Systems,Technical
Operate Warehouse Record Systems,Technical
Operating Systems,Technical
Optical Character Recognition Software,Technical
Optimise Choice Of ICT Solution,Technical
Optimise Fleet Usability,Technical
Oracle Application Development Framework,Technical
Oracle Data Integrator,Technical
Oracle Relational Database,Technical
Oracle Warehouse Builder,Technical
Oracle WebLogic,Technical
Outline Blockchain-Based Identity Management,Technical
Output Electronic Files,Technical
Outsourcing Model,Technical
Oversee Aircraft Sensor And Recording Systems,Technical
Oversee Clinical Information System Activities,Technical
Oversee Development Of Software,Technical
OWASP ZAP,Technical
Pandas,Technical
Parrot Security OS,Technical
Particle Animation,Technical
Pascal (Computer Programming),Technical
Pay-Per-Click,Technical
Penetration Testing Tool,Technical
Pentaho Data Integration,Technical
Perform Backups,Technical
Perform Computer Analyses Of Geotechnical Structures,Technical
Perform Data Analysis,Technical
Perform Data Cleansing,Technical
Perform Data Mining,Technical
Perform Dimensionality Reduction,Technical
Perform Energy Simulations,Technical
Perform Forensic Preservations Of Digital Devices,Technical
Perform ICT Security Testing,Technical
Perform ICT Troubleshooting,Technical
Perform Image Editing,Technical
Perform Online Data Analysis,Technical
Perform Pill Branding,Technical
Perform Safety Data Analysis,Technical
Perform Scrambling Operations,Technical
Perform Software Recovery Testing,Technical
Perform Software Unit Testing,Technical
Perform Video Editing,Technical
Perform Virtual Simulation,Technical
Perl,Technical
PHP,Technical
Plan Digital Marketing,Technical
Plan ICT Capacity,Technical
Plan Marketing Campaigns,Technical
Plan Migration To Cloud,Technical
Plan Social Media Marketing Campaigns,Technical
Plan Software Testing,Technical
Plot Shipping Navigation Routes,Technical
Plot Show Control Cues,Technical
Post-Processing Of Photographs,Technical
PostgreSQL,Technical
Postman,Technical
Power BI,Technical
Predictive Maintenance,Technical
Prepare Detailed Working Drawings For Interior Design,Technical
Prepare Digital Art For Master Photograph,Technical
Prepare Exhibition Marketing Plan,Technical
Prepare Sound Equipment On Stage,Technical
Prepare Visual Data,Technical
Prepare Well Data Sheets,Technical
Prevent Technical Problems With Media Integration Systems,Technical
Prince2 Project Management,Technical
Principles Of Animation,Technical
Principles Of Artificial Intelligence,Technical
Printed Circuit Boards,Technical
Printed Circuit Boards Testing Methods,Technical
Printing On Large Scale Machines,Technical
Prisma,Technical
Process Collected Survey Data,Technical
Process Data,Technical
Process Data From Railway Control Rooms,Technical
Process-Based Management,Technical
Procurement Of ICT Network Equipment,Technical
Produce Scanned Images,Technical
Produce Textile Designs,Technical
Product Data Management,Technical
Program A CNC Controller,Technical
Program Firmware,Technical
Program Home Alarm Systems,Technical
Program Sound Cues,Technical
Programmable Logic Controller,Technical
Project Anarchy,Technical
Projection Equipment,Technical
Prolog (Computer Programming),Technical
Promote Prevention Of Social Isolation,Technical
Promote Virtual Reality Travelling Experiences,Technical
Property Management Software,Technical
Propose ICT Solutions To Business Problems,Technical
Prototyping Development,Technical
Provide Connected Car Solutions,Technical
Provide Guidelines For Content Development,Technical
Provide ICT Support,Technical
Provide ICT System Training,Technical
Provide Multimedia Content,Technical
Provide Online Help,Technical
Provide Software Testing Documentation,Technical
Provide Training On E-Learning,Technical
Proxy Servers,Technical
Publishing Strategy,Technical
Puppet (Tools For Software Configuration Management),Technical
Put Uncut Recordings Into Computer,Technical
Python,Technical
Python (Computer Programming),Technical
PyTorch,Technical
QlikView Expressor,Technical
Quality Control Systems,Technical
Quantitative Analysis,Technical
Quantum Technology,Technical
Query Languages,Technical
R,Technical
RAGE (Digital Game Creation Systems),Technical
Rapid Application Development,Technical
React,Technical
React Native,Technical
Read 3D Displays,Technical
Real-Time Computing,Technical
Recognise Blockchain Application Areas,Technical
Recognise Blockchain Risks,Technical
Record Audio Materials,Technical
Record Data From Biomedical Tests,Technical
Record Multi-Track Sound,Technical
Redux,Technical
Reed Sensors,Technical
Remove Computer Virus Or Malware From A Computer,Technical
Render 3D Images,Technical
Repair Equipment On Site,Technical
Repair ICT Devices,Technical
Repair Lockable Devices,Technical
Repair Maritime Communication Equipment,Technical
Repair Mobile Devices,Technical
Replicate Customer Software Issues,Technical
Report Live Online,Technical
Research Remote Sensing Technologies,Technical
Research Website Users,Technical
Resource Description Framework Query Language,Technical
Respond To Incidents In Cloud,Technical
REST APIs,Technical
Rig 3D Characters,Technical
Robotic Components,Technical
Robotics,Technical
Roofing Drones,Technical
Ruby,Technical
Ruby (Computer Programming),Technical
Run A Media Server,Technical
Rust,Technical
Sakai,Technical
Salt (Tools For Software Configuration Management),Technical
Samurai Web Testing Framework,Technical
SAP Data Services,Technical
SAP R3,Technical
SAS Data Management,Technical
SAS Language,Technical
Sass,Technical
Scala,Technical
Scan Negatives,Technical
Scan Photos,Technical
Schoology,Technical
Scientific Computing,Technical
Scratch (Computer Programming),Technical
Screen Reader,Technical
Search Databases,Technical
Search Engine Optimisation,Technical
Search Engines,Technical
Select Recording Source,Technical
Self-Service Technologies In Tourism,Technical
Sensors,Technical
Service-Oriented Modelling,Technical
Set Colour Profiles,Technical
Set Scanner Controls,Technical
Set Up Audiovisual Peripheral Equipment,Technical
Set Up Automotive Robot,Technical
Set Up Basic Recording,Technical
Set Up Broadcast Equipment,Technical
Set Up Consumer Electronics,Technical
Set Up Cybersecurity Training Programmes,Technical
Set Up Documentation Control System,Technical
Set Up Media Integration Systems,Technical
Set Up Media Storage,Technical
Set Up Multimedia Equipment,Technical
Set Up Office Equipment,Technical
Set Up Sound Equipment,Technical
Set Up The Controller Of A Machine,Technical
Set Up Tote Board,Technical
Shiva (Digital Game Creation Systems),Technical
Signal Processing,Technical
Simulate Transport Problems,Technical
SketchBook Pro,Technical
Smalltalk (Computer Programming),Technical
Smart City Features,Technical
Smart Contract,Technical
Smart Contract Programming Languages,Technical
Smart Grids Systems,Technical
Social Media Management,Technical
Social Media Marketing Techniques,Technical
Software Anomalies,Technical
Software Architecture Models,Technical
Software Components Libraries,Technical
Software Components Suppliers,Technical
Software Design Methodologies,Technical
Software Frameworks,Technical
Software Interaction Design,Technical
Software Metrics,Technical
Software UI Design Patterns,Technical
Solidity,Technical
SolidWorks,Technical
Solution Deployment,Technical
Solve ICT System Problems,Technical
Solve Location And Navigation Problems By Using GPS Tools,Technical
Solve Problems In Gambling Through Digital Means,Technical
Source (Digital Game Creation Systems),Technical
SPARK,Technical
SPARQL,Technical
Specialised Astrology Software,Technical
Specify Digital Game Scenes,Technical
Speech Recognition,Technical
Spiral Development,Technical
Spring Boot,Technical
SQL,Technical
SQL Server,Technical
SQL Server Integration Services,Technical
STAF,Technical
Standards For Web-Based E-Learning,Technical
Statistical Analysis System Software,Technical
Stay Up To Date With Social Media,Technical
Store Digital Data And Systems,Technical
Study Radar Images,Technical
Study Website Behaviour Patterns,Technical
Style Sheet Languages,Technical
Supercomputing,Technical
Supervise Data Entry,Technical
Supervise Video And Motion Picture Editing Team,Technical
Supervise Video Quality,Technical
Support Audio System Installation,Technical
Support ICT System Users,Technical
Swift,Technical
Swift (Computer Programming),Technical
Synchronise With Mouth Movements,Technical
Synfig,Technical
System Backup Best Practice,Technical
System Design,Technical
Systems Development Life-Cycle,Technical
Systems Theory,Technical
Systems Thinking,Technical
Tableau,Technical
Tailwind CSS,Technical
Taleo,Technical
Task Algorithmisation,Technical
Teach Computer Science,Technical
Teach Digital Literacy,Technical
Technical Drawings,Technical
Technically Design A Sound System,Technical
Technology Education,Technical
Telecom Regulations,Technical
Telecommunication Trunking,Technical
Telecommunications Engineering,Technical
Tend CNC Drilling Machine,Technical
Tend CNC Engraving Machine,Technical
Tend CNC Grinding Machine,Technical
Tend CNC Laser Cutting Machine,Technical
Tend CNC Metal Punch Press,Technical
Tend CNC Milling Machine,Technical
Tend Computer Numerical Control Lathe Machine,Technical
TensorFlow,Technical
Teradata Database,Technical
Test Computer Hardware,Technical
Test Ground System Performance,Technical
Test Hardware,Technical
Test ICT Queries,Technical
Test Improved Aeronautical Information Management Systems,Technical
Test Microelectronics,Technical
Test Power Electronics,Technical
Test Sensors,Technical
Test System Accessibility For Users With Special Needs,Technical
Test Wireless Devices,Technical
THC Hydra,Technical
Tools For ICT Test Automation,Technical
Tools For Software Configuration Management,Technical
Track Changes In Text Editing,Technical
Trading Software,Technical
Transcribe Texts,Technical
Transfer Medical Information,Technical
Transfer Uncut Audiovisual Material To Computer,Technical
Translate Formulae Into Processes,Technical
Translate Requirement Concepts Into Content,Technical
Translate Requirements Into Visual Design,Technical
Transmission Technology,Technical
Transportation Software Related To An ERP System,Technical
TripleStore,Technical
Troubleshoot Website,Technical
Tune Up Wireless Audio Systems,Technical
Type On Electronic Devices,Technical
Types Of Audiovisual Formats,Technical
Types Of Digital Badges,Technical
Types Of Satellites,Technical
TypeScript,Technical
UI/UX Design,Technical
Unified Modelling Language,Technical
Unity (Digital Game Creation Systems),Technical
Unmanned Air Systems,Technical
Unreal Engine,Technical
Unstructured Data,Technical
Upgrade Firmware,Technical
Use 3D Scanners For Clothing,Technical
Use A Complex Communication System,Technical
Use A Telecine,Technical
Use A Warehouse Management System,Technical
Use Access Control Software,Technical
Use Aeronautical Mobile Service Communications,Technical
Use Agricultural Information Systems And Databases,Technical
Use An Application-Specific Interface,Technical
Use Analytics For Commercial Purposes,Technical
Use Audio Reproduction Software,Technical
Use Automatic Programming,Technical
Use Back-Up And Recovery Tools,Technical
Use Business Simulation Tools,Technical
Use CAD For Heels,Technical
Use CAD For Lasts,Technical
Use CAD For Soles,Technical
Use CAD Software,Technical
Use CADD Software,Technical
Use CAE Software,Technical
Use CAM Software,Technical
Use Capturing Systems For Live Performance,Technical
Use Chromatography Software,Technical
Use Colour Printing Programs,Technical
Use Communication Devices,Technical
Use Communication Equipment,Technical
Use Computer Programs To Improve Patients' Skills,Technical
Use Computer Telephony Integration,Technical
Use Computer-Aided Engineering Systems,Technical
Use Computer-Aided Translation,Technical
Use Computerised Maintenance Management Systems,Technical
Use Concurrent Programming,Technical
Use Content Management System Software,Technical
Use Creative Suite Software,Technical
Use Customer Relationship Management Software,Technical
Use Data Processing Techniques,Technical
Use Databases,Technical
Use Digital Illustration Techniques,Technical
Use Digital Instruments,Technical
Use E-Health And Mobile Health Technologies,Technical
Use E-Procurement,Technical
Use E-Tourism Platforms,Technical
Use Electronic Health Records In Nursing,Technical
Use Electronic Health Records Management System,Technical
Use Experience Map,Technical
Use Fleet Management System,Technical
Use Free Typing Techniques,Technical
Use Functional Neuroimaging,Technical
Use Functional Programming,Technical
Use Geographic Information Systems,Technical
Use Global Distribution System,Technical
Use ICT Equipment In Maintenance Activities,Technical
Use ICT Hardware,Technical
Use ICT Resources To Solve Work Related Tasks,Technical
Use ICT Systems,Technical
Use ICT Ticketing System,Technical
Use Interface Description Language,Technical
Use Internet Chat,Technical
Use Internet To Increase Sales,Technical
Use Intranet,Technical
Use IT Systems For Commercial Purposes,Technical
Use IT Tools,Technical
Use Logic Programming,Technical
Use Markup Languages,Technical
Use Mathematical Tools And Equipment,Technical
Use Media Software,Technical
Use Meteorological Tools To Forecast Meteorological Conditions,Technical
Use Methods Of Logistical Data Analysis,Technical
Use Microsoft Office,Technical
Use Milk Control Software,Technical
Use Mine Planning Software,Technical
Use Modern Electronic Navigational Aids,Technical
Use Object-Oriented Programming,Technical
Use Online Tools To Collaborate,Technical
Use Pattern-Cutting Softwares,Technical
Use Performance 3D Visualisation Techniques,Technical
Use Personal Organization Software,Technical
Use Pest Detection Sensors,Technical
Use Pipeline Video Equipment,Technical
Use Polygonal Modelling,Technical
Use Presentation Software,Technical
Use Production Planning Software,Technical
Use Query Languages,Technical
Use Radar Navigation,Technical
Use Remote Control Equipment,Technical
Use Rental Management Software,Technical
Use Reservoir Surveillance,Technical
Use Sales Forecasting Softwares,Technical
Use Scripting Programming,Technical
Use Session Border Controller,Technical
Use Shorthand Computer Program,Technical
Use Software Design Patterns,Technical
Use Software For Data Preservation,Technical
Use Software Libraries,Technical
Use Software Tools For Site Modelling,Technical
Use Sound Measuring Instruments,Technical
Use Special Hearing Equipment For Tests,Technical
Use Specialised Computer Models For Weather Forecasting,Technical
Use Specialised Design Software,Technical
Use Specialised Equipment,Technical
Use Specific Data Analysis Software,Technical
Use Spreadsheets Software,Technical
Use Technical Drawing Software,Technical
Use Technology For Forensics,Technical
Use Thermal Analysis,Technical
Use Thermal Management,Technical
Use Translation Memory Software,Technical
Use Typesetting Software,Technical
Use Ultrasonic Equipment,Technical
Use Water Navigation Devices,Technical
Use Word Processing Software,Technical
Utilise Computer-Aided Software Engineering Tools,Technical
Utilise Content Types,Technical
Utilise Decision Support System,Technical
Utilise Machine Learning,Technical
Utilise Regular Expressions,Technical
Vagrant,Technical
VBScript,Technical
Vehicle-To-Everything Technologies,Technical
Verify Formal ICT Specifications,Technical
Video Conferencing Tool,Technical
Video-Games Functionalities,Technical
Video-Games Trends,Technical
Virtual Reality,Technical
Visual Basic,Technical
Visual Presentation Techniques,Technical
VS Code,Technical
Vue.js,Technical
Vyper,Technical
Waterfall Development,Technical
Web Analytics,Technical
Web Application Security Threats,Technical
Web Based Collaborative Platforms,Technical
Web Programming,Technical
Web Services,Technical
Web Strategy Assessment,Technical
WebCMS,Technical
Weigh In Motion System,Technical
WhiteHat Sentinel,Technical
WildFly,Technical
Wire Security Sensors,Technical
Wireshark,Technical
WizIQ,Technical
WordPress,Technical
Work With E-Services Available To Citizens,Technical
Work With Virtual Learning Environments,Technical
World Wide Web Consortium Standards,Technical
Xcode,Technical
XQuery,Technical
Git & GitHub,Technical
Data Structures,Technical
HTML5 & CSS3,Technical
